Ticker,Ticker_2,Correlation
AGG,AGG,1.0
EEM,AGG,0.484094196100233
EFA,AGG,0.5498707118528612
GLD,AGG,0.4140600867882891
PDBC,AGG,-0.13662925664517708
SPY,AGG,0.4976886311739139
TLT,AGG,0.8951779556536146
VNQ,AGG,0.6177720546397423
AGG,EEM,0.484094196100233
EEM,EEM,1.0
EFA,EEM,0.8236988459767597
GLD,EEM,0.3651627027723325
PDBC,EEM,0.48317687947049043
SPY,EEM,0.705843808171161
TLT,EEM,0.22403935750391565
VNQ,EEM,0.6411721350286499
AGG,EFA,0.5498707118528612
EEM,EFA,0.8236988459767597
EFA,EFA,1.0
GLD,EFA,0.27580958568848996
PDBC,EFA,0.5070873759404508
SPY,EFA,0.8790435557613719
TLT,EFA,0.2577437186433926
VNQ,EFA,0.8098924085717417
AGG,GLD,0.4140600867882891
EEM,GLD,0.3651627027723325
EFA,GLD,0.27580958568848996
GLD,GLD,1.0
PDBC,GLD,0.0469025845851637
SPY,GLD,0.2212995906710406
TLT,GLD,0.3694633332302345
VNQ,GLD,0.27647085107205
AGG,PDBC,-0.13662925664517708
EEM,PDBC,0.48317687947049043
EFA,PDBC,0.5070873759404508
GLD,PDBC,0.0469025845851637
PDBC,PDBC,1.0
SPY,PDBC,0.4193106003792683
TLT,PDBC,-0.3489421567247963
VNQ,PDBC,0.3547051998675537
AGG,SPY,0.4976886311739139
EEM,SPY,0.705843808171161
EFA,SPY,0.8790435557613719
GLD,SPY,0.2212995906710406
PDBC,SPY,0.4193106003792683
SPY,SPY,1.0
TLT,SPY,0.2454076859965243
VNQ,SPY,0.8400176383567121
AGG,TLT,0.8951779556536146
EEM,TLT,0.22403935750391565
EFA,TLT,0.2577437186433926
GLD,TLT,0.3694633332302345
PDBC,TLT,-0.3489421567247963
SPY,TLT,0.2454076859965243
TLT,TLT,1.0
VNQ,TLT,0.4330020755007186
AGG,VNQ,0.6177720546397423
EEM,VNQ,0.6411721350286499
EFA,VNQ,0.8098924085717417
GLD,VNQ,0.27647085107205
PDBC,VNQ,0.3547051998675537
SPY,VNQ,0.8400176383567121
TLT,VNQ,0.4330020755007186
VNQ,VNQ,1.0
